id,text,label_mean,hate_label,hate_target_label,implicit_hate,Zero-Shot Hate Detection,One-Shot Hate Detection,Few-Shot Hate Detection,Zero-Shot Hate Target Detection,One-Shot Hate Target Detection,Few-Shot Hate Target Detection
01826318d80e4f8fbe98c21b8b136837,How can the left or anyone say President Trump did not win this election when millions voted for him and support him now and Biden barely had 30 people at a rally. If Biden wins this election and the left pull off this coup then the American election process will forever be corrupted and the justice system is a farce.,2.5,no,,,no,no,no,,,
0f4cbcd7375445619ba30641618b10dc,"THREE DEJECTED DIRTY JEWS....BURN IN HELL YOU MOTHER FUCKERS...OR SOMEWHERE WE ARE ALL FAMILIAR WITH.
I SHED NO TEARS!!!!",5,yes,jews,no,yes,yes,yes,jews,jews,jews
0fed479bd13f4acc95f37cf16cfc2253,Join the #military #goyim and die for #israel and #godschosenpeople .... I mean for your people's #freedom of course!,4,yes,jews,yes,yes,yes,yes,other,other,other
102700822e39422cbe745e7d308cd2e2,"#H8 #MUSLIMS
#ISLAM
#BARBARIC
#PIGS
WIPE OUT #MUSLIMS & their stupid #KARAN
 #BokoHaram",5,yes,muslims,no,yes,yes,yes,muslims,muslims,muslims
11beff10aabd40aabd9abb34c438c297,"Tell me again how muslims are hard working and good people. Sure, they work hard at killing good people and living off our benefits!",5,yes,muslims,yes,yes,yes,yes,muslims,muslims,muslims
122e8a3b2fbd48f8a0cda3fdd53aeb30,Im wary of blacks..... because they steal shit. Arabs I couldn't give a fuck less about because theyre nice. White niggas I trust!!! because I got rid of those white niggas I didn't trust a long time ago....,4.3333335,yes,blacks,no,yes,yes,yes,blacks,blacks,blacks
14ea32752ce941f297e7ff5a8091a63a,"I'll say it. Roving gangs of BLACK SOMALI MUSLIMS beating and robbing people (Not a hate crime? BS) in Minneapolis. No better than animals, jackals. 20 arrested.
DEPORT THESE ASS-HOLES.",5,yes,muslims,no,yes,yes,yes,muslims,muslims,muslims
16da4cbe7689450297777b663d0b5f63,SHE'S AS AUTHENTIC AS A CHINESE GUCCI BAG: Kamala Harris Practiced her Orchestrated Attack on Joe Biden for Days Before Debate,2.6666667,no,,,yes,yes,no,,,
17260a03024245178077c52f78637761,"THAT'S WHY THE MAJORITY OF PEOPLE SUUPORTS TRUMP ...

HE WILL NEVER YIELD TO TYRANNY ESPECIALLY WHEN ITS CONNECTED TO INCOMPETENCE AND DISRESPECT FOR THE NATION.",1,no,,,no,no,no,,,
1f48b219177c4f65837d00cae6ecd96f,US Military Says It Killed Terrorist Leader Who Plotted Kenya Attack,1.25,no,,,no,no,no,,,
22f12d4d61874b9fb43bee6d4cc65521,Jews are cucks and will never replace anything because they are pussies ... no one is gonna fuck this ugly whore anyways,5,yes,jews,no,yes,yes,yes,jews,jews,jews
23e9f9dd27c749eea02268b80c0ca657,"All these females suddenly wanna be decent and just post teasers, FUCK THAT. KEEP DROPPING YA PUSSY BABY, OR ELSE WHAT YOU ON HERE FOR???",5,yes,females,no,yes,yes,yes,females,females,females
2429e8a579f84412ad88d1e974ac0787,"O'Keefe Dials in to CNN Conference Call with Senior Leadership, Tells Jeff Zucker He Will Release Tapes of Editorial Calls Tonight - Zucker Panics and Hangs Up! (VIDEO)",1,no,,,no,no,no,,,
24e7211f52f84b879288cce6ea38cfd2,"So this is how it works here. When some silly little gal - let's call her 'SouthernKimmy' gets her knickers in a twist when you point out one of her posts as fertilizer, she blocks you.",5,yes,females,yes,yes,no,no,other,females,females
2a6859baf46546aab8ad4f4fcb30a8e0,I don't know what the fuck I'm doing here,1.3333334,no,,,no,no,no,,,
2afdf9d684654a3f870b9f2645ae9bcd,Idiot feminists yet again,5,yes,females,no,yes,yes,yes,other,other,females
2eeee07673964da88bf974c181424227,Sad new for China coming their way Biden is not our President...,1.6666666,no,,,no,no,no,,,
35022c16891e446fb50607523ef30657,"NOW I KNOW WHY YOU MOTHER FUCKERS ARE SO HATED...... COUNT ME IN. I HATE EVERY FUCKING DIRTY POLITICIAN JEW.
THREE DIRTY JEW BASTARDS FROM CALIFORNIA AND THREE FROM NEW YORK, FUCKING OVER THE PRESIDENT AND THOSE OF US WHO VOTED FOR HIM.",5,yes,jews,no,yes,yes,yes,jews,jews,jews
365762a186ab497fa0d4ee3c60d9de05,Party Insiders Tell The True Story Of How Philadelphia Elections Work.,2,no,,,no,no,no,,,
36a7459399d04516ad261b7cb9a49253,"Hey idiot! HOLLYWOOD is dying, you'll be on unemployment in the next year or so, so STFU

Black Panther's Star Michael B. Jordan Demands Hollywood to Commit to Black Hiring",4.5,yes,blacks,yes,yes,yes,yes,other,blacks,blacks
3a89000a187e490b83c374474bb54720,"Capitalism is racist!!!!!!!
 there is something wrong with #bluelivesmatter",2.25,no,,,yes,yes,yes,,,
3b685abfd029449ea118e970263fb5ba,"Facebook deceived users about the way it used phone numbers, facial recognition, FTC to allege in complaint",1.5,no,,,no,no,no,,,
3c0aeabdef44403ab4beb0f69d67d51f,"""Allison Carey, sister to Mariah Carey, has claimed that her mother 'pimped' her out to be sexually abused as young as ten years old. She also claims to have witnessed satanic ritual abuse/sacrifice.""",1.3333334,no,,,no,no,no,,,
40959a4e574a4267a75568530b85a7d0,"Twit finally got me AGAIN
M banned

I called Omar a
Muslim piece of shit

But it's TRUE!

they HATE TRUTH

THX PARLER for keeping me on",5,yes,muslims,no,yes,yes,yes,muslims,muslims,muslims
42b2b3ad47a54347aa85bccea1755aba,"Theres nothing I like more than hearing those three special words from the woman I love: 
I hate niggers",5,yes,blacks,no,yes,yes,yes,blacks,blacks,blacks
4480aa7e9b39420c81a743bd8c05cad0,The far-left Democrats are some of the biggest enemies the United States has today!!!,2.75,no,,,no,yes,no,,,
499db2d2f17646bdb5bc3741f44783f6,Revolution is the only answer.,2,no,,,no,no,no,,,
49e5abe3c2db432c92ba8ef5d8cefa0a,"Gender Specifics
I was born a male and will always be a male.
My preferred pronouns are Bite, Me.
There is only one other gender: FEMALE.
EAT SHIT TRANNIES!!",5,yes,lgbt,no,yes,yes,yes,lgbt,lgbt,lgbt
4c2f0a6682844dfc9985cfe68ab1cabe,"These people are hypocritical power mongers! We put YOU in office. WAKE UP PEOPLE!!
 
 Follow your own rules or DON'T EXPECT US to do it.",2.5,no,,,no,no,no,,,
4d23c1bbe62e429e8cbf81c96902a91b,"Imagine if you will... TRUMP RECEIVED 72 MILLION VOTES...
What If 10,000, 000 of us dumped Mail in Votes illegally through Out The Nation",2,no,,,no,no,no,,,
4df1c6e57ae54be19a89acc8f3448083,My Advise today. Do not ever trust a Muslim. Its not an ethnicity its a Religion.,5,yes,muslims,no,yes,yes,yes,muslims,muslims,muslims
4e6aa7adbf9e4759b3aa5050824687e0,Math. Logic. Truth,1,no,,,no,no,no,,,
4f3ee644bdaf4eda96d51206aa812dc3,"If a man speaks or acts with a pure thought,
happiness follows him, like a shadow that never leaves him.
- The Buddha",1.25,no,,,no,no,no,,,
5453c64ad1974d68932e88d10355d6d7,"A government (federal, state, or local) that does not allow the white Americans who would prefer to live in whites-only states the right to create these whites-only states is an evil, illegitimate government.",5,yes,blacks,no,yes,yes,yes,other,other,other
5645f0896abd438499efd9c2ef12f640,Looted by black savages so they reopen with black shoppers in mind whatever that means. Black Privilege is real.,5,yes,blacks,no,yes,yes,yes,blacks,blacks,blacks
588befa8b4554765a1b000f2e7ce2912,"ICE deportation flight, objected to by Omar over COVID fears, included convicted murderer, rapist

FUCK THIS PIECE of Muslim trash. Human waste is ALL she can be compared to.",5,yes,muslims,no,yes,yes,yes,muslims,muslims,muslims
58a672630c0241fabef74922c8ad4e76,Crime is now up 537% at ground zero for #DefundThePolice,2,no,,,no,no,no,,,
5ba5729af9c347739f04a620e8107abc,Whenever I see niggers in a bank I always think that I went into a pawnshop by accident,5,yes,blacks,no,yes,yes,yes,blacks,blacks,blacks
5c24934ad83f4c8786551d5e89f82e99,don't be posting selfies i'm just tryna see some tits and ass,1,no,,,yes,yes,yes,,,
622bf6bdf9e041298d811d080236ce7d,"Please share this far and wide. There is no justification for this!!! This is a disgusting example of what groups like BLM create. All they want is racial division, suffering and the destruction of this country. This guy should be locked up for life!!Echo.  #DefundBLM #DefundBlackLivesMatter #AllLivesMatter #ArrestSoros #ThinBlueLine #BackTheBlue #Trump2020 #RedWave2020 #4MoreYears #Maga",2.5,no,,,yes,yes,no,,,
62c1457cebf247689a5abc42b17da9c1,BIDEN PROMISES TO MESS UP FREE SPEECH ON THE INTERNET IF ELECTED (BITCHUTE EXCLUSIVE),2.3333333,no,,,no,yes,no,,,
632186e4210d4c36a370e2558df15b0c,Expert Behind Michigan County Audit Warns New Info Coming from State Will 'Drastically Change the Playing Field',1,no,,,no,no,no,,,
63846da27c16431fb13f3aeca094df32,"Joe Biden blames Trump supporters for inflaming the violence. He's right about that. Our very existence upsets the libtrds. If we weren't here to stop them, they would have their utopia",2.3333333,no,,,yes,yes,yes,,,
6ea9217315a94db280935c1a9291adde,Another reason every muslim needs to be deported or killed! #nomuslimcanbetrusted!,5,yes,muslims,no,yes,yes,yes,muslims,muslims,muslims
74ef7594acff4b6d8e640b40bde4cf06,Conservatives are so concerned about liberals because they can't bare people thinking freely and sticking to ancient laws.,2.3333333,no,,,no,no,no,,,
756e2ae47d344a31b0fc3370e600e885,"Now Corruption Story Is About Joe, Not Hunter Biden | RealClearPolitics",2.5,no,,,no,no,no,,,
7a45328c9d864673bdfb5c304f89b1ac,"Georgia YOUR Governor is Corrupt!!!

Forensic or Fraud!!!!",2.3333333,no,,,no,yes,no,,,
7f2f99de87c742598c0b7aafc2c24c5a,"Christian zionists are APOSTATES
Jews are the SYNAGOGUE OF SATAN
Israel are the believers in CHRIST, not those ugly little turk half breeds changing their European names to jew names to pretend and mine your shekels",5,yes,jews,no,yes,yes,yes,jews,jews,jews
8079c73b5013461786aa3f9356117359,Democrat Jerry Nadler Pulls The Impeachment Trigger Are They Really Going Through With It? | Tea Party Pac,1.3333334,no,,,no,no,no,,,
80aec6a85e9040c398571a9a928f4791,LGBTQ is for faggots and child rapists,5,yes,lgbt,no,yes,yes,yes,lgbt,lgbt,lgbt
8102bcd72eb44c8d9b5c1c5355aa100c,Let Liberty Ring,1,no,,,no,no,no,,,
8169f221975646949fd9a4e40a529872,That fat nigger Oprah in the racism commercial says the niggers have demands. I demand they all go back towards Africa in duck boats and sink halfway there.,5,yes,blacks,no,yes,yes,yes,blacks,blacks,blacks
844b7b1f35d7455d9e553a8a6f4e2d2c,"Best 90 days of my career

We're up 90,000,000+ minutes viewed inc a week off in 90 days

It's amazing! Thank you

Common Sense FM. Argy Bargy

Welcome to our 168,000 subscribers. 

Dreams can come true! Let's have much more fun! Tell your friends...",1,no,,,no,no,no,,,
84785ec357c84f3fb8f946ee389c30dd,The only difference between a niggar and dogshit is eventually dogshit will turn white and stop smelling bad,5,yes,blacks,no,yes,yes,yes,blacks,blacks,blacks
87a664267fe944a5bf5d6d015cc12523,It was never about flattening the curve or saving lives. It was about complete control and destroying the middle class.,2,no,,,no,no,no,,,
88f11568e7ba450a8e810f523cb8dda3,Was told I couldn't participate in rioting looting and burning because I was not a Democrat.,2.5,no,,,no,no,no,,,
89cfdf76862947c1bd8205364d67aafa,"Cenk Uygur is a goat fucker...

""Young Turk-ey? Bernie Sanders Immediately Retracts His Endorsement of Bestiality-Legalizing Congressional Candidate Cenk Uygur""",4.6666665,yes,muslims,yes,yes,yes,yes,other,other,other
8b35907ce1424ca6bb7044a17246b7b1,"MSNBC Reporter Has Freakout On Live TV, Says ""S**t, F**k"" As They Cut His Feed",1.3333334,no,,,no,no,no,,,
8b77551fcea94625bb1ff7c30f6be7c6,Jews won't be satisfied until there are more blacks in this country than there are humans.,5,yes,jews,no,yes,yes,yes,jews,jews,jews
8c03020fc9344a1982a71409bd869719,"Ya can't make this up !
 Former Obama Vice President JOE BIDEN Is Now WANTED ON CLASS A FELONY CHARGES In Ukraine",2,no,,,no,no,no,,,
8e1aee72c62b41c9bbb684abd11e5724,HUGE 50% OFF SALE NOW UNTIL BLACK FRIDAY! IF I DO GOOD THERE IS MORE TO COME FOR BLACK FRIDAY! JUST CLICK THE LINK AND FIND YOUR TREASURE FOR HALF OFF!,1,no,,,no,no,no,,,
8e24f1ddcf4341b18c6fee040f53b9a8,Police Say Greek Man Detained in American Scientist's Death,1,no,,,no,no,no,,,
8e889504c8a74af09037ff74bc06df1b,I hope every business moves out of new York city because the dumb fuck mayor allowed them to be broken into,2.666667,no,,,no,yes,no,,,
8f386cf7a510446085d51c9828dc7c20,Woman Arrested For Sending Threats To Wayne County Republican Who Refused to Certify Vote; Threats Included Pics Of Mutilated Bodies,1.666667,no,,,no,yes,no,,,
935c2b8980b547d59cfd13e1895002b9,Good god both @blocked & @OleMissFB are taking a knee for this bullshit #socialjustice shit. & fans are booing. #whitelivesmatter #fuckblm #fuckblacklivesmatter #BlackLivesMatterTerrorists #gators #olemiss,5,yes,blacks,no,yes,yes,yes,blacks,blacks,blacks
9503e349140b4bbe9e496f4c0f15f830,Whistleblower claims top DHS officials sought to alter intelligence assessments to fit Trump's comments,1.5,no,,,no,no,no,,,
95c315fdcd1749dea14abc6173a8dd80,"i was going to follow up on a complaint to my local primary over gender identity indoctrination.

can be arsed who gives a fuck about your kids and your sort",3.3333333,yes,lgbt,yes,yes,yes,yes,other,lgbt,lgbt
980426d54d7d42208c6241bcf1f31fd4,Kurt Eichenwald is the stereotypical dirty pedophile kike.,4.6666665,yes,jews,yes,yes,yes,yes,jews,jews,jews
9f88e1c171184903b67c206dd8382db7,"Planned Parenthood CEO Alexis McGill Johnson: Were Proud to Kill Babies in Abortions, Its Really Not a Big Deal 

What a sick POS BITCH....",5,yes,females,yes,yes,yes,yes,other,other,females
a3ad1fc6300d4373aafc01153e07c326,"I've told people I'm a Realist. That is what I am. I am telling you what I'm hearing from these people- PRETENDING to ""Offer you solutions"". 

 Suddenly Dan Bongino's ""laying out a plan"", for ""AFTER""-""Civil Disobedience, Embrace it!"", ""Voter ID, vote in person!"" so, he's mentioned it a week ago. Probably before THAT, too. SO WHAT. we all have. 

WE'VE BEEN TRYING ALL THIS BULLSHIT. We've been UNABLE TO GET IT IMPLEMENTED. PERIOD. 

 These are all BULLSHIT ""Plans"". These are things that should have been done BEFORE THIS ELECTION- yet, were NOT, and we have the Presidency and the SENATE. 

 ARE YOU PEOPLE SEEING, what I TOLD YOU, IN MY POSTS YESTERDAY? 

MAADCAP- a word I MADE UP. I FREELY ADMIT IT. BUT NOW? YOU ARE SEEING IT IN ACTION. 

 They have their own word for it. I called it ""MAADCAP""- MASS ACCEPTENCE AND DEESCALATION CAMPAIGN for AMERICAN PATRIOTS- 

Today? They floated: ""President Trump Conceded the Election"". Did he? NO? 

This? WAS A TEST- to see, HOW THEY ARE DOING.",2.6666667,no,,,no,yes,no,,,
a3e5348f49064f62a8c8827ead7cf6df,The View' Cuts Off Kim Klacik For Confronting Joy Behar Over 'Blackface',2,no,,,no,no,no,,,
a52df008bfe9417db97ede8768b60e6f,"Saw this on Twatter, brilliant

So call each other ""nigga""? Sing songs about beating coppers up and treating women like shit? Walk with a fake limp with half your underpants showing and you want f*cking respect?",5,yes,blacks,yes,yes,yes,yes,blacks,blacks,blacks
a8dbab234d8440eea53486855f65cc9f,"#blm #blacklivesmatter #blacktranslivesmatter #defundthepolice #blmprotest #blmprotesters #trumpisafascist #trumpisaracist #trumpisanidiot 

#makeamericagreatagain #keepamericagreat #alllivesmatter #whitelivesmatter #bluelivesmatter #backtheblue #defendthepolice #trump2020 #trumptrain #donaldtrump #guns #gunowners #thinblueline #maga #blmterrorists #blmisajoke #blmmarxists #defundblm #blmriots #blmisracist #blmisaterroristorganization #blmisalie #trump2020landslide #tuckercarlson #istandwithtrump",2.6666667,no,,,no,yes,no,,,
a99050e7c1fd457cbdf918973724e8ff,Senate Acquits Trump on Both Articles of Impeachment,1.25,no,,,no,no,no,,,
a9a027b39fba4f799e37e029c0a6e6af,LOOOOOOOOOOOOL... The US is an illegitimate state? What a cuckold lesbian!,5,yes,lgbt,no,yes,yes,yes,lgbt,lgbt,lgbt
ae03dc6ec7e84b709df67c59e93aad71,"Hours after Nancy Pelosi labeled Republicans as domestic enemies,leftist mobs harassed, intimidated, tried to incite violence against Republicans in streets. Her reckless comments have consequences. She should immediately condemn these assaults..",1,no,,,no,no,no,,,
aec8cf26935c43069396c8f64df1e2ad,Cuomo threatens to shut down the Synagogues in NYC. So where the fuck are you Schumer and that fat fucking umpa loompa Nadler. You're both fake fucking Jews.,5,yes,jews,no,yes,yes,yes,jews,jews,jews
b16fe4c184e1424db31b0e0ebb31dbd3,Now we know where Muslims come from. They are spawned in sewers and crawl out like rats to consume everyone else's stuff.,5,yes,muslims,no,yes,yes,yes,muslims,muslims,muslims
b1ea001ffa4e4e5fbb2b79ed4aff3e5a,Former 'Today Show' Co-Host Ann Curry Says She Believes Woman Who Accused Matt Lauer Of Rape | American Update,1,no,,,no,no,no,,,
b1efdea1a9264f5da14939a1f72c58a7,"Man accused of shoving elderly NYC woman has been arrested over 100 times

Another Fricking Black Thug Hero for the Left. This is the Scum walking our streets that are now dictating our police policy.",5,yes,blacks,no,yes,yes,yes,blacks,blacks,blacks
b24bc16110df4c6686c78f72f945902b,It should have been a quiet evening at the cinema then Muslim thugs riot. Kick all these arse wipes out of our green and pleasant land,4.3333335,yes,muslims,no,yes,yes,yes,muslims,muslims,muslims
b9bf2bd01bc04eaba3247c24533f4e2e,The Left just can't help themselves. Ask the next Leftist what the definition of Fascism is and watch them squirm. Their hypocrisy is unbelievable.,1.6666666,no,,,no,no,no,,,
bfdf39781edd4fff92adeb7b4d307624,"Refuse to use the term transgender, folks. It's a liberal PC term used to control speech and conservatives.

It's TRANSSEXUAL and it's psychotic!",3.6666667,yes,lgbt,no,yes,yes,yes,lgbt,lgbt,lgbt
c00cc34e631e48a79339798a3d52d46e,Around blacks never relax,5,yes,blacks,no,yes,yes,yes,blacks,blacks,blacks
c08690825d69439299d20656b754aece,MAYBE WE SHOULD START IMPEACHMENT PROCEEDINGS..,1.75,no,,,no,no,no,,,
c189d6fe49d84b86b54b412852e78b2c,Oh the wonderful life of homosexuals....they driven by perverse love and will destroy all before them,5,yes,lgbt,no,yes,yes,yes,lgbt,lgbt,lgbt
c5c537ef59934b26a862b3bd3c40da3e,"Hey another unsuitable Mom just killed a baby by abortion, I think we should all riot and burn down a city!",3.5,yes,females,yes,yes,yes,yes,females,females,females
cab4fcd3476949158f3d57272d9034bd,4.2 Million Americans Abandon The Catholic Church In Protest Of Pope Francis | Neon Nettle,2.25,no,,,no,no,no,,,
cbfdb1017fd847c48c9a32c99c4ecf45,I hope the next nigger to get killed by the cops is @MilkUser,5,yes,blacks,no,yes,yes,yes,blacks,blacks,blacks
ce59ed1be0c1434da14aa8071f92f2e8,"If you bitch slap a Jew and a Christian, the Jew always feels more pain.",4.3333335,yes,jews,no,yes,yes,yes,jews,jews,jews
cf61630d56844b31ba904457f4bd8f26,I'm now waiting for the New Zealand All Blacks to be picked on next,1.6666666,no,,,no,no,no,,,
d043130e7019442f9029b92bb1d95131,Deadly Rabbit Virus First Detected In Riverside County Spreads,1,no,,,no,no,no,,,
d08770d9c0074b4e950865aa58fa0ec4,"LOOKS SOLID TO ME.

YOU CAN'T JUST SLUFF THIS OFF.",1.5,no,,,no,no,no,,,
d197f4b9429640f48ea3fe54059e5f41,Send that nigger back to africa!!!! (Small a),4.5,yes,blacks,no,yes,yes,yes,blacks,blacks,blacks
da43710a282c44ee89311c6628bad8f8,Newspaper owners resigned because niggers and their white chimpathizers complained that the white lady was being robbed by a nigger in a cartoon. Funny how all the burglars in ADT and Ring commercials are always white and nobody complains.,5,yes,blacks,no,yes,yes,yes,blacks,blacks,blacks
dcfa68799cdc4c66bcf158270d1f6a8e,"We have more hunters, x servicemen in this fine country that we out-numbered the Japanese.

THAT is WHY....they didn't attack the mainland.

They knew they MIGHT make it as far as Nebraska BUT

KNEW they couldn't win against the armed populus",2.3333333,no,,,yes,yes,yes,,,
de6c9ee12daf48c5b68d5be4572e18e9,"I hate Muslims. I hate democrats, they are the first targets",5,yes,muslims,no,yes,yes,yes,muslims,muslims,muslims
e021f1436fc1432698f2e5231b7908f4,"If liberals don't like it, don't read it, but they might enrich their lives by reading. #JordanPeterson",1.3333334,no,,,no,no,no,,,
e3e81299e72c4f6bae6b62c881815f02,DONNA BRAZILE IS A BLACK BITCH BIMBO SAYS BIDEN FIRST CATHOLIC PRESIDENT. LMFAO. OH YA JFK WHO WAS KILLED BY DNC WAS NOT ONE. BLACK JEMIMA WHORE.,5,yes,blacks,no,yes,yes,yes,other,blacks,blacks
e5e7d62b2510423bb4ceabfcaf75ea02,"I'm following irredeemable deplorables ONLY! 
 NO MUSLIMS! Go drink camel piss like your lying, murdering, pedophile prophet!",5,yes,muslims,no,yes,yes,yes,muslims,muslims,muslims
f0d7804ac7fd48ac84b8c3f40940805c,OOPS .. I Hate That When That Happens .. The Snakes Eating Their Own Tails .. #TruthToLight,1,no,,,no,no,no,,,
f891b0f3b3a24da78bbe5a2cae4b722a,Black trash!,3.6666667,yes,blacks,no,yes,yes,yes,blacks,blacks,blacks
f9b10d8dd1404508a7c20e9227b229a4,If Trump loses the election he won't be loser the people of this country will be the losers,1,no,,,no,no,no,,,
fe7b061375e945d2b21a58a3aae9ceee,Looks like is down to Europe to save the world from Globalism.......we're fucked.,1.25,no,,,no,yes,no,,,